split,total,function,gradient
0.1,11844.577293765173,0.13361700735986232,11844.443676757812
0.1,5169.97780957073,0.1255875714123249,5169.788818359375
0.1,1647.6972083374858,0.03521186485886574,1647.60400390625
0.1,56600.56192740798,0.24738596379756927,56600.39453125
