split,total,function,gradient
0.1,4755.142058213523,0.07715733461640775,4755.064900878906
0.2,7853.403663699932,0.3588482092097402,7853.0448154907235
0.1,2810.9898504297807,0.0495337887853384,2810.966142578125
0.2,3513.462787439227,0.31967081904411315,3513.187763671875
0.1,529.660573476255,0.011064427085220813,529.5961767578125
0.2,1062.8682417285443,0.11068399548530579,1062.6466064453125
0.1,17689.806134648323,0.4312975740432739,17689.7396875
0.2,42587.46799176693,0.789745991230011,42586.78125
