split,total,function,gradient
0.8,0.041545431101594726,0.024478396584515803,0.017067034517078923
0.8,0.009862119543580246,0.004050089585730553,0.004617699556052685
0.8,0.0013748460656497629,0.0005359349497593939,0.0008389111158903688
0.8,0.30954758148996075,0.1993076675501301,0.11023991393983065
