split,total,function,gradient
0.8,5500.8507920798165,0.04628522653880481,5500.8045068532765
0.8,5087.769900758512,0.044403537273406984,5087.718008990264
0.8,3125.6000600972175,0.005275276915437013,3125.53722265625
0.8,7742.20416359097,0.12737816699485682,7742.196539337311
