split,total,function,gradient
0.1,0.005435062897818474,0.000934160318885309,0.0045009025789331655
0.2,0.019699893494689605,0.011011231741722444,0.008688661752967165
0.1,0.0043548470851965245,0.0009609039686620236,0.0031008562352508305
0.2,0.01445419323630631,0.010643292497843505,0.008094334416091442
0.1,0.0016324846900533886,0.0003239992808084935,0.001308485409244895
0.2,0.005680111637338996,0.00014553514192812146,0.0023409943748265503
0.1,0.01600302700069733,0.0017598247900605202,0.01537443369626999
0.2,0.07967879772186279,0.04490139067173004,0.03477740705013275
