split,total,function,gradient
0.1,0.05881814332969952,0.019754126507905312,0.03906401682179421
0.2,0.05778231400827281,0.005141723470933357,0.05264059053733945
0.1,0.04030782706104219,0.010427722241729498,0.03117942065000534
0.2,0.027222381439059973,0.002068448578938842,0.022628178820014
0.1,0.007402878254652023,0.000768530648201704,0.006634347606450319
0.2,0.004212426189042162,1.8730108422460034e-05,0.004118105862289667
0.1,0.33477889001369476,0.09836120903491974,0.23641768097877502
0.2,0.24797573871910572,0.03419971466064453,0.24252794682979584
