total,function,gradient
0.08246723286807538,61.22833095550537,0.08246723286807538
0.02571828394895419,71.44989183485508,0.02571828394895419
