total,function,gradient
28.943961572647094,15.922317934036254,13.021644330024719
40.065574407577515,29.97581142485142,10.08976253271103
